ID,VendorID,lpep_pickup_datetime,lpep_dropoff_datetime,store_and_fwd_flag,RatecodeID,PULocationID,DOLocationID,passenger_count,fare_amount,extra,mta_tax,tip_amount,tolls_amount,ehail_fee,improvement_surcharge,total_amount,trip_type,congestion_surcharge,payment_type
T00876,1.0,2021-07-01 13:41:08,2021-07-01 14:36:53,N,2.0,74,132,1.0,52.0,0.0,0.5,10.0,6.55,,0.3,69.35,1.0,0.0,1.0
T01498,2.0,2021-07-01 18:33:34,2021-07-01 19:20:39,N,5.0,82,143,1.0,22.02,0.0,0.0,2.46,6.55,,0.3,34.08,1.0,2.75,1.0
T08153,2.0,2021-07-06 09:37:59,2021-07-06 09:46:37,N,1.0,74,75,1.0,7.5,0.0,0.5,2.08,0.0,,0.3,10.38,1.0,0.0,1.0
T03394,2.0,2021-07-02 18:24:34,2021-07-02 18:39:57,N,1.0,244,50,1.0,20.0,1.0,0.5,4.91,0.0,,0.3,29.46,1.0,2.75,1.0
T09784,2.0,2021-07-07 08:30:59,2021-07-07 08:40:24,N,1.0,7,129,1.0,10.0,0.0,0.5,0.0,0.0,,0.3,10.8,1.0,0.0,2.0
T05973,1.0,2021-07-04 15:29:54,2021-07-04 15:52:17,N,1.0,66,138,1.0,33.5,0.0,0.5,8.55,0.0,,0.3,42.85,1.0,0.0,1.0
T01621,2.0,2021-07-01 19:10:28,2021-07-01 19:18:13,N,1.0,75,263,1.0,7.5,1.0,0.5,2.17,0.0,,0.3,14.22,1.0,2.75,1.0
T03564,1.0,2021-07-02 19:58:43,2021-07-02 20:11:19,N,1.0,75,229,1.0,11.5,3.25,0.5,3.1,0.0,,0.3,18.65,1.0,2.75,1.0
T02032,2.0,2021-07-02 06:28:17,2021-07-02 06:34:02,N,1.0,74,74,1.0,6.0,0.0,0.5,1.36,0.0,,0.3,8.16,1.0,0.0,1.0
T06134,2.0,2021-07-04 17:20:54,2021-07-04 17:36:23,N,5.0,126,42,1.0,16.0,0.0,0.0,0.0,0.0,,0.3,16.3,2.0,0.0,2.0
T00694,1.0,2021-07-01 12:37:54,2021-07-01 12:56:39,N,1.0,65,256,1.0,14.5,0.0,0.5,3.05,0.0,,0.3,18.35,1.0,0.0,1.0
T07911,1.0,2021-07-06 07:11:06,2021-07-06 07:26:27,N,1.0,235,212,1.0,15.2,0.0,0.5,0.0,0.0,,0.3,16.0,1.0,0.0,1.0
T01485,2.0,2021-07-01 18:13:37,2021-07-02 17:57:23,N,1.0,75,237,1.0,11.0,1.0,0.5,1.56,0.0,,0.3,17.11,1.0,2.75,1.0
T06387,2.0,2021-07-04 21:13:07,2021-07-04 21:21:59,N,1.0,74,41,1.0,8.0,0.5,0.5,0.0,0.0,,0.3,9.3,1.0,0.0,2.0
T07997,2.0,2021-07-06 08:34:58,2021-07-06 08:55:24,N,1.0,41,243,1.0,18.5,0.0,0.5,2.0,0.0,,0.3,21.3,1.0,0.0,1.0
T05894,2.0,2021-07-04 15:30:36,2021-07-04 16:06:07,N,1.0,75,216,1.0,39.5,0.0,0.5,1.15,6.55,,0.3,48.0,1.0,0.0,1.0
T06830,2.0,2021-07-05 12:56:14,2021-07-05 13:12:12,N,1.0,41,163,1.0,14.5,0.0,0.5,0.0,0.0,,0.3,18.05,1.0,2.75,2.0
T03435,2.0,2021-07-02 18:12:07,2021-07-02 18:30:00,N,1.0,189,61,1.0,13.5,1.0,0.5,0.0,0.0,,0.3,15.3,1.0,0.0,2.0
T09992,1.0,2021-07-07 09:17:50,2021-07-07 10:01:45,N,1.0,39,213,1.0,44.2,0.0,0.5,0.0,6.55,,0.3,51.55,1.0,0.0,1.0
T03226,2.0,2021-07-02 17:29:59,2021-07-02 17:39:11,N,1.0,153,136,1.0,7.5,1.0,0.5,0.0,0.0,,0.3,9.3,1.0,0.0,2.0
T08444,2.0,2021-07-06 12:40:09,2021-07-06 12:58:51,N,1.0,97,62,1.0,14.0,0.0,0.5,2.96,0.0,,0.3,17.76,1.0,0.0,1.0
T09141,2.0,2021-07-06 17:32:09,2021-07-06 17:47:01,N,1.0,43,262,6.0,11.0,1.0,0.5,3.11,0.0,,0.3,18.66,1.0,2.75,1.0
T08861,2.0,2021-07-06 15:09:34,2021-07-06 15:23:30,N,1.0,74,263,1.0,11.0,0.0,0.5,0.0,0.0,,0.3,14.55,1.0,2.75,2.0
T09327,2.0,2021-07-06 18:55:39,2021-07-06 19:01:43,N,1.0,95,95,1.0,5.5,1.0,0.5,1.46,0.0,,0.3,8.76,1.0,0.0,1.0
T08893,2.0,2021-07-06 15:34:34,2021-07-06 16:02:30,N,1.0,42,186,1.0,26.0,0.0,0.5,0.0,0.0,,0.3,29.55,1.0,2.75,1.0
T03586,2.0,2021-07-02 19:53:50,2021-07-02 19:56:34,N,1.0,41,41,6.0,4.0,1.0,0.5,1.45,0.0,,0.3,7.25,1.0,0.0,1.0
T06600,2.0,2021-07-05 08:33:19,2021-07-05 08:43:43,N,1.0,74,236,1.0,9.5,0.0,0.5,1.0,0.0,,0.3,14.05,1.0,2.75,1.0
T02287,2.0,2021-07-02 09:51:48,2021-07-02 10:01:45,N,1.0,75,262,1.0,8.5,0.0,0.5,2.41,0.0,,0.3,14.46,1.0,2.75,1.0
T04489,2.0,2021-07-03 14:06:47,2021-07-03 14:21:23,N,1.0,41,74,1.0,15.0,0.0,0.5,4.0,0.0,,0.3,19.8,1.0,0.0,1.0
T03946,2.0,2021-07-03 03:27:50,2021-07-03 03:36:28,N,1.0,41,244,1.0,9.0,0.5,0.5,0.0,0.0,,0.3,10.3,1.0,0.0,2.0
T03844,2.0,2021-07-02 23:38:33,2021-07-02 23:44:58,N,1.0,74,41,1.0,7.0,0.5,0.5,1.0,0.0,,0.3,9.3,1.0,0.0,1.0
T07172,1.0,2021-07-05 16:02:07,2021-07-05 16:04:35,N,1.0,75,41,1.0,4.0,0.0,0.5,1.4,0.0,,0.3,6.2,1.0,0.0,1.0
T04412,1.0,2021-07-03 13:12:57,2021-07-03 13:25:19,N,1.0,75,162,1.0,11.5,2.75,0.5,3.0,0.0,,0.3,18.05,1.0,2.75,1.0
T08972,2.0,2021-07-06 16:36:41,2021-07-06 16:42:01,N,1.0,134,134,1.0,5.5,1.0,0.5,1.46,0.0,,0.3,8.76,1.0,0.0,1.0
T00647,2.0,2021-07-01 11:58:22,2021-07-01 12:38:13,N,1.0,244,90,1.0,36.0,0.0,0.5,7.91,0.0,,0.3,47.46,1.0,2.75,1.0
T03965,1.0,2021-07-03 05:36:07,2021-07-03 05:38:43,N,1.0,129,129,1.0,3.5,0.5,0.5,0.0,0.0,,0.3,4.8,1.0,0.0,2.0
T09041,2.0,2021-07-06 16:31:08,2021-07-06 16:46:53,N,1.0,42,247,1.0,12.0,1.0,0.5,0.0,0.0,,0.3,13.8,1.0,0.0,2.0
T09155,2.0,2021-07-06 17:06:20,2021-07-06 17:27:25,N,5.0,75,230,1.0,25.0,0.0,0.0,0.0,0.0,,0.3,28.05,2.0,2.75,1.0
T03207,2.0,2021-07-02 16:28:44,2021-07-02 16:42:33,N,1.0,24,75,1.0,10.5,1.0,0.5,0.0,0.0,,0.3,12.3,1.0,0.0,1.0
T08410,2.0,2021-07-06 11:21:01,2021-07-06 11:29:53,N,1.0,122,191,1.0,8.5,0.0,0.5,0.0,0.0,,0.3,9.3,1.0,0.0,2.0
T03529,2.0,2021-07-02 19:19:15,2021-07-02 19:24:30,N,1.0,7,179,1.0,5.5,1.0,0.5,0.0,0.0,,0.3,7.3,1.0,0.0,2.0
T09323,2.0,2021-07-06 18:34:31,2021-07-06 18:39:39,N,1.0,41,41,3.0,5.0,1.0,0.5,1.36,0.0,,0.3,8.16,1.0,0.0,1.0
T05487,2.0,2021-07-04 08:23:46,2021-07-04 08:33:00,N,1.0,65,256,1.0,10.5,0.0,0.5,3.39,0.0,,0.3,14.69,1.0,0.0,1.0
T07912,1.0,2021-07-06 07:33:43,2021-07-06 08:04:00,N,1.0,213,244,1.0,18.2,0.0,0.5,0.0,0.0,,0.3,19.0,1.0,0.0,1.0
T02966,2.0,2021-07-02 15:47:22,2021-07-02 15:51:14,N,1.0,95,95,1.0,4.5,0.0,0.5,1.06,0.0,,0.3,6.36,1.0,0.0,1.0
T09292,2.0,2021-07-06 18:50:43,2021-07-06 19:44:37,N,1.0,250,76,2.0,56.5,1.0,0.5,0.0,6.55,,0.3,64.85,1.0,0.0,1.0
T05335,2.0,2021-07-04 00:55:59,2021-07-04 01:31:01,N,1.0,226,83,2.0,20.0,0.5,0.5,0.0,0.0,,0.3,21.3,1.0,0.0,2.0
T03957,2.0,2021-07-03 04:21:48,2021-07-03 04:21:52,N,5.0,129,129,1.0,10.0,0.0,0.0,0.0,0.0,,0.3,10.3,2.0,0.0,1.0
T07599,2.0,2021-07-05 20:23:09,2021-07-05 20:32:08,N,1.0,82,92,1.0,14.0,0.5,0.5,0.0,0.0,,0.3,15.3,1.0,0.0,2.0
T01537,1.0,2021-07-01 18:25:53,2021-07-01 19:03:18,N,1.0,223,135,1.0,28.0,1.0,0.5,0.0,0.0,,0.3,29.8,1.0,0.0,2.0
T05582,2.0,2021-07-04 10:06:32,2021-07-04 10:08:26,N,1.0,74,41,1.0,3.5,0.0,0.5,0.0,0.0,,0.3,4.3,1.0,0.0,2.0
T01632,2.0,2021-07-01 19:27:08,2021-07-01 19:41:08,N,1.0,75,237,1.0,11.5,1.0,0.5,3.21,0.0,,0.3,19.26,1.0,2.75,1.0
T06443,2.0,2021-07-04 23:55:38,2021-07-04 23:55:40,N,5.0,80,80,5.0,45.0,0.0,0.0,9.06,0.0,,0.3,54.36,2.0,0.0,1.0
T08252,2.0,2021-07-06 10:37:28,2021-07-06 11:25:36,N,1.0,195,213,2.0,62.0,0.0,0.5,0.0,6.55,,0.3,69.35,1.0,0.0,1.0
T01212,2.0,2021-07-01 16:05:00,2021-07-01 17:01:39,N,1.0,197,22,1.0,61.5,1.0,0.5,0.0,0.0,,0.3,63.3,1.0,0.0,1.0
T07406,2.0,2021-07-05 14:53:25,2021-07-05 15:02:45,N,1.0,74,263,1.0,9.5,0.0,0.5,1.58,0.0,,0.3,14.63,1.0,2.75,1.0
T03801,2.0,2021-07-02 22:58:55,2021-07-02 23:00:51,N,1.0,7,7,1.0,3.5,0.5,0.5,0.0,0.0,,0.3,4.8,1.0,0.0,2.0
T09345,2.0,2021-07-06 19:04:01,2021-07-06 19:08:07,N,1.0,134,28,2.0,5.0,1.0,0.5,2.04,0.0,,0.3,8.84,1.0,0.0,1.0
T09747,2.0,2021-07-07 07:03:45,2021-07-08 00:00:00,N,1.0,95,65,1.0,33.0,0.0,0.5,6.76,0.0,,0.3,40.56,1.0,0.0,1.0
T00628,2.0,2021-07-01 11:17:08,2021-07-01 11:17:11,N,5.0,7,264,1.0,12.0,0.0,0.0,0.0,0.0,,0.3,12.3,2.0,0.0,1.0
T05607,2.0,2021-07-04 11:41:16,2021-07-04 11:41:51,N,1.0,23,23,2.0,2.5,0.0,0.5,0.0,0.0,,0.3,3.3,1.0,0.0,2.0
T07796,2.0,2021-07-06 00:32:50,2021-07-06 00:39:10,N,1.0,42,116,1.0,5.0,0.5,0.5,0.0,0.0,,0.3,6.3,1.0,0.0,2.0
T08959,2.0,2021-07-06 16:38:21,2021-07-06 16:48:12,N,1.0,7,193,1.0,9.0,1.0,0.5,0.0,0.0,,0.3,10.8,1.0,0.0,2.0
T07503,1.0,2021-07-05 19:24:27,2021-07-05 19:32:44,N,1.0,74,24,1.0,8.0,0.0,0.5,1.75,0.0,,0.3,10.55,1.0,0.0,1.0
T00895,2.0,2021-07-01 13:13:03,2021-07-01 13:13:20,N,1.0,193,193,1.0,-2.5,0.0,-0.5,-0.66,0.0,,-0.3,-3.96,1.0,0.0,3.0
T00940,2.0,2021-07-01 14:28:21,2021-07-01 14:37:54,N,1.0,244,166,1.0,8.5,0.0,0.5,0.0,0.0,,0.3,9.3,1.0,0.0,2.0
T03133,1.0,2021-07-02 16:00:09,2021-07-02 16:09:23,N,1.0,65,97,1.0,7.5,0.0,0.5,0.0,0.0,,0.3,8.3,1.0,0.0,2.0
T00112,2.0,2021-07-01 07:11:51,2021-07-01 07:17:35,N,1.0,74,42,1.0,6.0,0.0,0.5,1.36,0.0,,0.3,8.16,1.0,0.0,1.0
T06247,2.0,2021-07-04 19:49:32,2021-07-04 20:01:32,N,1.0,76,76,1.0,9.5,0.0,0.5,0.0,0.0,,0.3,10.3,1.0,0.0,1.0
T03189,2.0,2021-07-02 16:40:18,2021-07-02 16:57:06,N,1.0,95,258,1.0,14.0,1.0,0.5,0.0,0.0,,0.3,15.8,1.0,0.0,2.0
T03115,2.0,2021-07-02 16:09:40,2021-07-02 16:16:00,N,1.0,75,74,1.0,6.5,1.0,0.5,0.0,0.0,,0.3,8.3,1.0,0.0,1.0
T06272,2.0,2021-07-04 19:25:06,2021-07-04 19:56:58,N,1.0,42,158,1.0,27.5,0.0,0.5,0.0,0.0,,0.3,31.05,1.0,2.75,1.0
T00643,2.0,2021-07-01 11:12:29,2021-07-01 11:23:19,N,1.0,74,75,1.0,8.5,0.0,0.5,0.0,0.0,,0.3,9.3,1.0,0.0,2.0
T03866,2.0,2021-07-02 23:49:57,2021-07-02 23:59:20,N,1.0,244,116,1.0,7.5,0.5,0.5,0.0,0.0,,0.3,8.8,1.0,0.0,2.0
T04677,2.0,2021-07-03 15:28:32,2021-07-03 15:38:56,N,1.0,74,238,1.0,10.5,0.0,0.5,1.0,0.0,,0.3,15.05,1.0,2.75,1.0
T02266,1.0,2021-07-02 09:00:15,2021-07-02 09:01:32,N,1.0,74,74,1.0,3.0,0.0,0.5,0.0,0.0,,0.3,3.8,1.0,0.0,4.0
T06753,2.0,2021-07-05 11:42:13,2021-07-05 11:49:26,N,1.0,260,223,1.0,9.5,0.0,0.5,2.06,0.0,,0.3,12.36,1.0,0.0,1.0
T06033,2.0,2021-07-04 16:08:53,2021-07-04 16:33:31,N,1.0,134,82,1.0,28.0,0.0,0.5,0.0,0.0,,0.3,28.8,1.0,0.0,1.0
T08915,2.0,2021-07-06 15:45:27,2021-07-06 16:56:30,N,1.0,197,213,1.0,57.0,0.0,0.5,0.0,6.55,,0.3,64.35,1.0,0.0,1.0
T08885,2.0,2021-07-06 14:57:12,2021-07-06 15:09:16,N,1.0,74,42,1.0,10.0,0.0,0.5,0.0,0.0,,0.3,10.8,1.0,0.0,2.0
T07199,2.0,2021-07-05 16:52:03,2021-07-05 17:03:50,N,1.0,129,56,1.0,10.0,0.0,0.5,0.0,0.0,,0.3,10.8,1.0,0.0,2.0
T04031,2.0,2021-07-03 08:57:52,2021-07-03 09:04:00,N,1.0,74,74,1.0,6.0,0.0,0.5,0.0,0.0,,0.3,6.8,1.0,0.0,1.0
T08072,1.0,2021-07-06 08:50:13,2021-07-06 09:03:51,N,1.0,74,42,3.0,10.0,0.0,0.5,1.0,0.0,,0.3,11.8,1.0,0.0,1.0
T09188,2.0,2021-07-06 18:13:05,2021-07-06 18:17:44,N,1.0,33,52,1.0,5.0,1.0,0.5,0.68,0.0,,0.3,7.48,1.0,0.0,1.0
T05787,2.0,2021-07-04 13:43:09,2021-07-04 14:06:30,N,1.0,41,31,1.0,22.0,0.0,0.5,0.0,0.0,,0.3,22.8,1.0,0.0,2.0
T02804,2.0,2021-07-02 14:03:14,2021-07-02 14:25:58,N,1.0,75,48,1.0,17.0,0.0,0.5,4.11,0.0,,0.3,24.66,1.0,2.75,1.0
T08796,2.0,2021-07-06 15:19:22,2021-07-06 16:02:42,N,1.0,82,60,1.0,34.5,0.0,0.5,0.0,6.55,,0.3,41.85,1.0,0.0,2.0
T06785,2.0,2021-07-05 11:49:12,2021-07-05 12:02:44,N,1.0,243,238,1.0,18.5,0.0,0.5,4.41,0.0,,0.3,26.46,1.0,2.75,1.0
T04274,2.0,2021-07-03 11:26:12,2021-07-03 11:31:58,N,1.0,97,66,1.0,6.5,0.0,0.5,0.0,0.0,,0.3,7.3,1.0,0.0,1.0
T08421,2.0,2021-07-06 11:19:55,2021-07-06 11:37:43,N,1.0,166,43,1.0,14.5,0.0,0.5,3.61,0.0,,0.3,21.66,1.0,2.75,1.0
T02298,2.0,2021-07-02 10:02:01,2021-07-02 10:14:58,N,1.0,42,74,1.0,10.0,0.0,0.5,0.0,0.0,,0.3,10.8,1.0,0.0,2.0
T09076,2.0,2021-07-06 17:21:28,2021-07-06 17:24:17,N,1.0,166,151,2.0,4.0,1.0,0.5,0.0,0.0,,0.3,5.8,1.0,0.0,2.0
T07255,1.0,2021-07-05 17:13:24,2021-07-05 17:24:30,N,1.0,66,255,1.0,13.0,0.0,0.5,2.75,0.0,,0.3,16.55,1.0,0.0,1.0
T00927,2.0,2021-07-01 14:14:03,2021-07-01 14:43:13,N,1.0,41,42,1.0,12.5,0.0,0.5,0.0,0.0,,0.3,13.3,1.0,0.0,2.0
T09890,2.0,2021-07-07 08:48:08,2021-07-07 08:57:13,N,1.0,41,151,1.0,8.0,0.0,0.5,1.2,0.0,,0.3,10.0,1.0,0.0,1.0
T09175,2.0,2021-07-06 17:03:55,2021-07-06 17:13:44,N,1.0,43,142,1.0,9.5,1.0,0.5,0.7,0.0,,0.3,14.75,1.0,2.75,1.0
T03013,2.0,2021-07-02 15:50:29,2021-07-02 16:03:46,N,1.0,152,74,1.0,10.0,0.0,0.5,0.0,0.0,,0.3,10.8,1.0,0.0,2.0
T04533,1.0,2021-07-03 14:23:20,2021-07-03 14:29:20,N,1.0,95,95,1.0,6.0,0.0,0.5,0.0,0.0,,0.3,6.8,1.0,0.0,2.0
T01980,2.0,2021-07-02 04:25:47,2021-07-02 04:25:51,N,1.0,210,264,1.0,2.5,0.5,0.5,0.0,0.0,,0.3,3.8,1.0,0.0,2.0
T05592,2.0,2021-07-04 10:53:42,2021-07-04 11:45:33,N,1.0,3,108,1.0,83.5,0.0,0.5,0.0,6.55,,0.3,90.85,1.0,0.0,1.0
T03603,2.0,2021-07-02 19:46:52,2021-07-02 19:49:35,N,1.0,82,129,1.0,3.5,1.0,0.5,0.0,0.0,,0.3,5.3,1.0,0.0,2.0
T00679,2.0,2021-07-01 12:36:43,2021-07-01 13:01:01,N,1.0,75,162,1.0,16.5,0.0,0.5,4.01,0.0,,0.3,24.06,1.0,2.75,1.0
T06310,1.0,2021-07-04 20:46:53,2021-07-04 21:03:57,N,1.0,256,65,3.0,14.0,0.5,0.5,3.05,0.0,,0.3,18.35,1.0,0.0,1.0
T04108,2.0,2021-07-03 09:03:29,2021-07-03 09:46:37,N,1.0,129,179,2.0,51.5,0.0,0.5,0.0,0.0,,0.3,52.3,1.0,0.0,1.0
T08034,2.0,2021-07-06 08:33:54,2021-07-06 08:45:43,N,1.0,74,166,1.0,9.5,0.0,0.5,0.0,0.0,,0.3,10.3,1.0,0.0,1.0
T06057,2.0,2021-07-04 17:15:56,2021-07-04 17:33:57,N,1.0,116,159,1.0,12.5,0.0,0.5,0.0,0.0,,0.3,13.3,1.0,0.0,2.0
T08420,2.0,2021-07-06 11:47:59,2021-07-06 12:00:46,N,1.0,130,132,1.0,17.0,0.0,0.5,3.0,0.0,,0.3,20.8,1.0,0.0,1.0
T07855,2.0,2021-07-06 06:07:30,2021-07-06 06:13:05,N,1.0,130,130,1.0,5.5,0.0,0.5,0.0,0.0,,0.3,6.3,1.0,0.0,2.0
T04696,2.0,2021-07-03 16:56:40,2021-07-04 16:38:35,N,1.0,33,66,1.0,6.0,0.0,0.5,0.0,0.0,,0.3,6.8,1.0,0.0,2.0
T04532,1.0,2021-07-03 14:40:13,2021-07-03 14:56:08,N,1.0,166,142,1.0,13.5,2.75,0.5,3.4,0.0,,0.3,20.45,1.0,2.75,1.0
T08894,2.0,2021-07-06 15:21:58,2021-07-06 15:39:03,N,1.0,196,82,6.0,12.0,0.0,0.5,0.0,0.0,,0.3,12.8,1.0,0.0,2.0
T00158,2.0,2021-07-01 07:33:30,2021-07-01 07:36:38,N,1.0,75,74,1.0,5.5,0.0,0.5,2.0,0.0,,0.3,8.3,1.0,0.0,1.0
T05784,2.0,2021-07-04 13:27:06,2021-07-04 13:49:33,N,1.0,33,89,2.0,16.5,0.0,0.5,0.0,0.0,,0.3,17.3,1.0,0.0,2.0
T03020,2.0,2021-07-02 15:56:18,2021-07-02 16:03:06,N,1.0,166,151,1.0,6.0,0.0,0.5,0.0,0.0,,0.3,6.8,1.0,0.0,2.0
T00213,2.0,2021-07-01 08:38:26,2021-07-01 08:43:40,N,1.0,166,152,1.0,5.5,0.0,0.5,0.0,0.0,,0.3,6.3,1.0,0.0,2.0
T06202,2.0,2021-07-04 18:21:22,2021-07-04 18:37:09,N,1.0,74,244,1.0,13.0,0.0,0.5,0.0,0.0,,0.3,13.8,1.0,0.0,2.0
T06074,1.0,2021-07-04 17:46:36,2021-07-04 17:51:19,N,1.0,97,49,1.0,5.5,0.0,0.5,1.25,0.0,,0.3,7.55,1.0,0.0,1.0
T01779,1.0,2021-07-01 21:32:55,2021-07-01 21:56:19,N,1.0,97,68,1.0,19.5,3.25,0.5,4.7,0.0,,0.3,28.25,1.0,2.75,1.0
T09250,2.0,2021-07-06 18:48:58,2021-07-06 18:56:24,N,1.0,42,41,6.0,7.0,1.0,0.5,0.0,0.0,,0.3,8.8,1.0,0.0,2.0
T09781,2.0,2021-07-07 08:31:35,2021-07-07 08:32:28,N,1.0,193,193,1.0,2.5,0.0,0.5,0.0,0.0,,0.3,3.3,1.0,0.0,1.0
T09015,2.0,2021-07-06 16:47:45,2021-07-06 17:28:24,N,1.0,75,208,1.0,33.0,1.0,0.5,10.34,6.55,,0.3,51.69,1.0,0.0,1.0
T07216,2.0,2021-07-05 16:42:37,2021-07-05 16:47:40,N,1.0,196,95,1.0,6.0,0.0,0.5,0.0,0.0,,0.3,6.8,1.0,0.0,2.0
T05085,2.0,2021-07-03 19:08:17,2021-07-03 19:13:11,N,1.0,74,75,1.0,5.5,0.0,0.5,0.94,0.0,,0.3,7.24,1.0,0.0,1.0
T00682,2.0,2021-07-01 12:06:40,2021-07-01 12:13:48,N,1.0,244,244,1.0,6.5,0.0,0.5,0.0,0.0,,0.3,7.3,1.0,0.0,2.0
T06536,2.0,2021-07-05 05:25:48,2021-07-05 06:48:50,N,1.0,71,136,1.0,91.5,0.5,0.5,0.0,6.55,,0.3,99.35,1.0,0.0,1.0
T00138,2.0,2021-07-01 07:07:28,2021-07-01 07:10:24,N,1.0,74,75,1.0,4.5,0.0,0.5,0.0,0.0,,0.3,5.3,1.0,0.0,2.0
T06935,2.0,2021-07-05 14:07:03,2021-07-05 14:25:01,N,1.0,42,140,2.0,17.0,0.0,0.5,2.0,0.0,,0.3,22.55,1.0,2.75,1.0
T07881,2.0,2021-07-06 06:48:15,2021-07-06 07:04:49,N,1.0,74,126,1.0,14.5,0.0,0.5,0.0,0.0,,0.3,15.3,1.0,0.0,2.0
T09720,2.0,2021-07-07 08:01:20,2021-07-07 08:06:09,N,1.0,41,75,1.0,5.0,0.0,0.5,0.0,0.0,,0.3,5.8,1.0,0.0,2.0
T00861,1.0,2021-07-01 13:36:40,2021-07-01 13:39:55,N,1.0,7,7,1.0,4.5,0.0,0.5,2.0,0.0,,0.3,7.3,1.0,0.0,1.0
T08681,2.0,2021-07-06 14:36:19,2021-07-07 14:01:58,N,1.0,41,243,1.0,14.5,0.0,0.5,0.0,0.0,,0.3,15.3,1.0,0.0,1.0
T00779,1.0,2021-07-01 12:04:29,2021-07-01 12:31:47,N,1.0,29,228,1.0,24.2,0.0,0.5,0.0,0.0,,0.3,25.0,1.0,0.0,1.0
T06242,2.0,2021-07-04 19:05:59,2021-07-04 19:17:40,N,1.0,43,262,1.0,11.5,0.0,0.5,2.75,0.0,,0.3,17.8,1.0,2.75,1.0
T05145,2.0,2021-07-03 20:07:34,2021-07-03 20:11:49,N,1.0,95,95,1.0,5.5,0.5,0.5,1.0,0.0,,0.3,7.8,1.0,0.0,1.0
T09629,2.0,2021-07-07 01:11:06,2021-07-07 01:24:37,N,5.0,167,119,1.0,11.0,0.0,0.0,0.0,0.0,,0.3,11.3,2.0,0.0,2.0
T02880,2.0,2021-07-02 14:16:18,2021-07-02 15:06:34,N,2.0,75,132,1.0,52.0,0.0,0.5,10.0,6.55,,0.3,69.35,1.0,0.0,1.0
T07786,2.0,2021-07-06 00:05:48,2021-07-06 00:11:28,N,1.0,75,74,1.0,6.5,0.5,0.5,1.56,0.0,,0.3,9.36,1.0,0.0,1.0
T06002,2.0,2021-07-04 16:56:09,2021-07-04 17:05:28,N,1.0,20,235,1.0,8.0,0.0,0.5,0.0,0.0,,0.3,8.8,1.0,0.0,2.0
T01665,2.0,2021-07-01 19:19:58,2021-07-01 19:24:26,N,1.0,75,263,1.0,5.0,1.0,0.5,1.0,0.0,,0.3,10.55,1.0,2.75,1.0
T01996,2.0,2021-07-02 05:27:06,2021-07-02 07:04:39,N,1.0,71,136,1.0,91.0,0.5,0.5,0.0,6.55,,0.3,98.85,1.0,0.0,1.0
T02150,1.0,2021-07-02 08:13:38,2021-07-02 08:47:58,N,1.0,95,22,1.0,48.5,0.0,0.5,5.0,0.0,,0.3,54.3,1.0,0.0,1.0
T07395,1.0,2021-07-05 18:43:31,2021-07-05 18:58:41,N,1.0,41,128,1.0,18.0,0.0,0.5,0.0,0.0,,0.3,18.8,1.0,0.0,2.0
T09832,1.0,2021-07-07 08:23:30,2021-07-07 08:37:46,N,1.0,74,75,1.0,10.0,0.0,0.5,2.15,0.0,,0.3,12.95,1.0,0.0,1.0
T04746,2.0,2021-07-03 16:50:35,2021-07-03 16:54:13,N,1.0,65,97,2.0,4.5,0.0,0.5,1.0,0.0,,0.3,6.3,1.0,0.0,1.0
T03942,2.0,2021-07-03 03:10:13,2021-07-03 03:28:23,N,1.0,260,82,1.0,14.0,0.5,0.5,0.0,0.0,,0.3,15.3,1.0,0.0,2.0
T04993,2.0,2021-07-03 18:30:49,2021-07-03 18:43:51,N,1.0,74,238,1.0,12.0,0.0,0.5,3.11,0.0,,0.3,18.66,1.0,2.75,1.0
T05837,2.0,2021-07-04 14:44:59,2021-07-04 14:48:13,N,1.0,74,74,1.0,5.0,0.0,0.5,0.0,0.0,,0.3,5.8,1.0,0.0,2.0
T04222,2.0,2021-07-03 11:05:46,2021-07-03 11:15:35,N,1.0,244,74,1.0,12.0,0.0,0.5,0.0,0.0,,0.3,12.8,1.0,0.0,2.0
T03062,2.0,2021-07-02 15:37:44,2021-07-02 16:06:31,N,1.0,65,62,1.0,18.5,0.0,0.5,0.0,0.0,,0.3,19.3,1.0,0.0,1.0
T01260,2.0,2021-07-01 16:07:49,2021-07-01 16:07:53,N,5.0,74,74,1.0,10.0,0.0,0.0,0.0,0.0,,0.3,10.3,2.0,0.0,1.0
T02537,2.0,2021-07-02 11:07:29,2021-07-02 11:28:52,N,1.0,18,247,1.0,16.0,0.0,0.5,0.0,0.0,,0.3,16.8,1.0,0.0,2.0
T00961,2.0,2021-07-01 15:02:46,2021-07-01 16:04:04,N,1.0,7,212,1.0,41.0,0.0,0.5,0.0,6.55,,0.3,48.35,1.0,0.0,1.0
T01758,2.0,2021-07-01 20:02:22,2021-07-01 20:11:42,N,1.0,95,95,5.0,8.0,0.5,0.5,0.0,0.0,,0.3,9.3,1.0,0.0,2.0
T04473,2.0,2021-07-03 13:21:59,2021-07-03 15:00:13,N,1.0,71,136,1.0,91.0,0.0,0.5,0.0,6.55,,0.3,98.35,1.0,0.0,1.0
T09925,2.0,2021-07-07 09:52:45,2021-07-07 09:58:07,N,1.0,75,75,1.0,5.0,0.0,0.5,0.0,0.0,,0.3,5.8,1.0,0.0,2.0
T01536,1.0,2021-07-01 18:57:03,2021-07-01 19:46:07,N,1.0,17,48,1.0,38.5,3.75,0.5,0.0,0.0,,0.3,43.05,1.0,2.75,2.0
T03856,2.0,2021-07-02 23:36:15,2021-07-03 00:02:08,N,1.0,7,114,1.0,23.0,0.5,0.5,3.0,0.0,,0.3,30.05,1.0,2.75,1.0
T09969,2.0,2021-07-07 09:27:32,2021-07-07 09:33:02,N,1.0,74,42,1.0,5.5,0.0,0.5,0.0,0.0,,0.3,6.3,1.0,0.0,2.0
T03770,2.0,2021-07-02 21:11:23,2021-07-02 21:29:22,N,1.0,25,228,1.0,16.0,0.5,0.5,0.0,0.0,,0.3,17.3,1.0,0.0,2.0
T08138,2.0,2021-07-06 09:21:25,2021-07-06 09:30:21,N,1.0,152,243,1.0,10.0,0.0,0.5,2.16,0.0,,0.3,12.96,1.0,0.0,1.0
T09731,2.0,2021-07-07 07:35:07,2021-07-07 08:00:50,N,1.0,244,141,5.0,23.0,0.0,0.5,5.31,0.0,,0.3,31.86,1.0,2.75,1.0
T00352,1.0,2021-07-01 09:05:07,2021-07-01 09:23:29,N,1.0,166,168,1.0,14.5,0.0,0.5,3.8,0.0,,0.3,19.1,1.0,0.0,1.0
T07830,2.0,2021-07-06 04:35:04,2021-07-06 04:44:40,N,1.0,260,138,3.0,13.5,0.5,0.5,0.0,0.0,,0.3,14.8,1.0,0.0,2.0
T05533,2.0,2021-07-04 10:08:22,2021-07-05 09:19:09,N,1.0,116,42,1.0,8.5,0.0,0.5,1.86,0.0,,0.3,11.16,1.0,0.0,1.0
T01809,2.0,2021-07-01 21:08:13,2021-07-01 21:11:08,N,1.0,41,42,1.0,4.5,0.5,0.5,1.45,0.0,,0.3,7.25,1.0,0.0,1.0
T09181,2.0,2021-07-06 18:47:37,2021-07-06 18:54:04,N,1.0,75,263,2.0,6.0,1.0,0.5,2.11,0.0,,0.3,12.66,1.0,2.75,1.0
T03553,1.0,2021-07-02 19:23:40,2021-07-02 19:41:34,N,1.0,75,42,1.0,15.0,1.0,0.5,0.0,0.0,,0.3,16.8,1.0,0.0,2.0
T04324,2.0,2021-07-03 12:19:08,2021-07-03 12:27:33,N,1.0,97,189,1.0,7.0,0.0,0.5,1.0,0.0,,0.3,8.8,1.0,0.0,1.0
T04217,2.0,2021-07-03 11:43:13,2021-07-03 11:53:19,N,1.0,74,151,1.0,9.0,0.0,0.5,0.0,0.0,,0.3,9.8,1.0,0.0,1.0
T09002,2.0,2021-07-06 16:48:48,2021-07-06 17:00:29,N,1.0,166,239,6.0,10.0,1.0,0.5,0.0,0.0,,0.3,14.55,1.0,2.75,2.0
T08321,2.0,2021-07-06 11:14:32,2021-07-06 11:40:02,N,1.0,75,230,6.0,19.5,0.0,0.5,0.0,0.0,,0.3,23.05,1.0,2.75,2.0
T07413,2.0,2021-07-05 18:52:18,2021-07-05 18:57:46,N,1.0,74,75,1.0,7.0,0.0,0.5,1.56,0.0,,0.3,9.36,1.0,0.0,1.0
T07000,2.0,2021-07-05 14:22:02,2021-07-05 14:34:35,N,1.0,74,238,1.0,11.0,0.0,0.5,2.0,0.0,,0.3,13.8,1.0,0.0,1.0
T09732,2.0,2021-07-07 07:08:20,2021-07-07 07:19:14,N,1.0,75,42,1.0,13.0,0.0,0.5,0.0,0.0,,0.3,13.8,1.0,0.0,1.0
T08578,1.0,2021-07-06 13:57:05,2021-07-06 14:15:46,N,1.0,25,49,1.0,13.0,0.0,0.5,0.0,0.0,,0.3,13.8,1.0,0.0,2.0
T08353,2.0,2021-07-06 11:46:23,2021-07-06 12:14:26,N,1.0,75,262,1.0,23.0,0.0,0.5,5.31,0.0,,0.3,31.86,1.0,2.75,1.0
T04899,2.0,2021-07-03 17:12:40,2021-07-03 17:30:27,N,1.0,244,48,1.0,22.5,0.0,0.5,5.21,0.0,,0.3,31.26,1.0,2.75,1.0
T03293,2.0,2021-07-02 17:01:18,2021-07-02 17:12:41,N,1.0,166,74,1.0,9.0,1.0,0.5,0.04,0.0,,0.3,10.84,1.0,0.0,1.0
T07490,2.0,2021-07-05 19:26:20,2021-07-05 19:32:00,N,1.0,75,74,1.0,5.0,0.0,0.5,0.0,0.0,,0.3,5.8,1.0,0.0,2.0
T05418,2.0,2021-07-04 04:39:46,2021-07-04 04:40:03,N,5.0,80,80,1.0,65.0,0.0,0.0,0.0,0.0,,0.3,65.3,2.0,0.0,1.0
T03536,2.0,2021-07-02 19:06:39,2021-07-02 19:42:52,N,5.0,244,265,1.0,60.0,0.0,0.0,0.88,0.0,,0.3,61.18,2.0,0.0,1.0
T06631,2.0,2021-07-05 09:33:15,2021-07-05 09:43:59,N,1.0,244,151,1.0,11.0,0.0,0.5,0.0,0.0,,0.3,11.8,1.0,0.0,2.0
T05584,2.0,2021-07-04 10:52:23,2021-07-04 10:57:41,N,1.0,196,95,1.0,5.5,0.0,0.5,0.0,0.0,,0.3,6.3,1.0,0.0,2.0
T00803,2.0,2021-07-01 13:28:35,2021-07-01 13:49:12,N,1.0,33,61,1.0,14.0,0.0,0.5,2.0,0.0,,0.3,16.8,1.0,0.0,1.0
T09529,2.0,2021-07-06 22:31:46,2021-07-06 22:51:27,N,1.0,43,107,1.0,21.5,0.5,0.5,0.0,0.0,,0.3,25.55,1.0,2.75,2.0
T09774,2.0,2021-07-07 07:09:24,2021-07-07 07:15:00,N,1.0,74,75,1.0,6.5,0.0,0.5,1.46,0.0,,0.3,8.76,1.0,0.0,1.0
T07398,2.0,2021-07-05 19:24:36,2021-07-05 19:39:08,N,1.0,129,70,1.0,11.5,0.0,0.5,2.46,0.0,,0.3,14.76,1.0,0.0,1.0
T06529,2.0,2009-01-01 00:17:19,2009-01-01 06:01:13,N,1.0,75,23,1.0,80.5,0.5,0.5,0.0,6.55,,0.3,88.35,1.0,0.0,1.0
T08514,1.0,2021-07-06 12:28:42,2021-07-06 12:49:48,N,1.0,41,68,1.0,20.5,2.75,0.5,2.0,0.0,,0.3,26.05,1.0,2.75,1.0
T07374,2.0,2021-07-05 18:22:40,2021-07-05 18:43:46,N,1.0,41,68,1.0,-13.0,0.0,-0.5,0.0,0.0,,-0.3,-16.55,1.0,-2.75,3.0
T08039,2.0,2021-07-06 08:38:23,2021-07-06 09:00:41,N,1.0,74,237,1.0,15.5,0.0,0.5,3.0,0.0,,0.3,22.05,1.0,2.75,1.0
T04969,2.0,2021-07-03 18:33:46,2021-07-03 18:42:26,N,1.0,97,49,1.0,7.5,0.0,0.5,1.66,0.0,,0.3,9.96,1.0,0.0,1.0
T00742,2.0,2021-07-01 12:12:03,2021-07-01 13:02:20,N,1.0,256,263,1.0,37.0,0.0,0.5,0.0,0.0,,0.3,37.8,1.0,0.0,1.0
T01007,2.0,2021-07-01 14:50:21,2021-07-01 15:06:57,N,1.0,116,244,1.0,11.5,0.0,0.5,0.0,0.0,,0.3,12.3,1.0,0.0,2.0
T06985,2.0,2021-07-05 14:40:05,2021-07-05 14:48:45,N,1.0,74,41,1.0,7.5,0.0,0.5,1.66,0.0,,0.3,9.96,1.0,0.0,1.0
T04722,2.0,2021-07-03 16:18:57,2021-07-03 16:25:20,N,1.0,74,75,1.0,6.5,0.0,0.5,0.0,0.0,,0.3,7.3,1.0,0.0,2.0
T04659,2.0,2021-07-03 15:47:08,2021-07-03 15:57:30,N,1.0,75,41,1.0,8.5,0.0,0.5,2.0,0.0,,0.3,11.3,1.0,0.0,1.0
T01745,2.0,2021-07-01 20:48:11,2021-07-01 21:19:30,N,5.0,69,259,2.0,17.0,0.0,0.0,0.0,0.0,,0.3,17.3,2.0,0.0,2.0
T06568,2.0,2021-07-05 07:51:33,2021-07-05 07:53:40,N,1.0,74,75,1.0,4.5,0.0,0.5,0.0,0.0,,0.3,5.3,1.0,0.0,2.0
T08040,2.0,2021-07-06 08:13:27,2021-07-06 09:15:09,N,1.0,197,97,1.0,52.5,0.0,0.5,0.0,0.0,,0.3,53.3,1.0,0.0,1.0
T05099,2.0,2021-07-03 19:51:59,2021-07-03 19:59:03,N,1.0,95,95,1.0,6.5,0.0,0.5,2.19,0.0,,0.3,9.49,1.0,0.0,1.0
T01027,1.0,2021-07-01 14:28:38,2021-07-01 15:25:59,N,1.0,228,198,1.0,26.2,0.0,0.5,0.0,0.0,,0.3,27.0,1.0,0.0,1.0
T09537,2.0,2021-07-06 23:03:53,2021-07-06 23:14:53,N,1.0,42,239,1.0,10.5,0.5,0.5,0.0,0.0,,0.3,14.55,1.0,2.75,1.0
T04745,2.0,2021-07-03 16:12:02,2021-07-03 16:30:57,N,1.0,42,163,1.0,20.5,0.0,0.5,1.0,0.0,,0.3,25.05,1.0,2.75,1.0
T00883,2.0,2021-07-01 13:30:26,2021-07-01 13:36:06,N,1.0,75,74,1.0,5.5,0.0,0.5,0.0,0.0,,0.3,6.3,1.0,0.0,2.0
T05368,2.0,2021-07-04 01:45:48,2021-07-04 01:55:17,N,1.0,37,17,1.0,8.5,0.5,0.5,1.96,0.0,,0.3,11.76,1.0,0.0,1.0
T05020,2.0,2021-07-03 19:31:08,2021-07-03 19:38:43,N,1.0,75,239,1.0,8.5,0.0,0.5,3.01,0.0,,0.3,15.06,1.0,2.75,1.0
T04800,2.0,2021-07-03 16:17:52,2021-07-03 16:23:28,N,1.0,41,42,1.0,5.0,0.0,0.5,0.0,0.0,,0.3,5.8,1.0,0.0,2.0
T05791,1.0,2021-07-04 13:56:54,2021-07-04 13:58:58,N,1.0,241,136,1.0,4.0,0.0,0.5,0.0,0.0,,0.3,4.8,1.0,0.0,2.0
T06327,2.0,2021-07-04 20:37:46,2021-07-04 21:15:27,N,1.0,134,22,1.0,51.5,0.5,0.5,0.0,0.0,,0.3,52.8,1.0,0.0,2.0
T08019,2.0,2021-07-06 08:58:28,2021-07-06 09:25:25,N,1.0,152,237,1.0,23.0,0.0,0.5,6.0,0.0,,0.3,32.55,1.0,2.75,1.0
T03085,1.0,2021-07-02 15:24:36,2021-07-02 15:32:39,N,1.0,74,41,1.0,7.0,0.0,0.5,0.0,0.0,,0.3,7.8,1.0,0.0,2.0
T00086,1.0,2021-07-01 06:01:27,2021-07-01 06:08:14,N,1.0,74,75,1.0,7.5,0.5,0.5,1.75,0.0,,0.3,10.55,1.0,0.0,1.0
T05643,2.0,2021-07-04 11:37:36,2021-07-04 11:50:23,N,1.0,42,60,1.0,16.0,0.0,0.5,0.0,0.0,,0.3,16.8,1.0,0.0,1.0
T00529,2.0,2021-07-01 11:20:44,2021-07-01 11:21:34,N,1.0,264,264,5.0,2.0,0.0,0.5,0.0,0.0,,0.3,2.8,1.0,0.0,2.0
T01263,2.0,2021-07-01 16:38:06,2021-07-01 16:55:05,N,1.0,74,166,1.0,11.0,1.0,0.5,0.0,0.0,,0.3,12.8,1.0,0.0,2.0
T07795,2.0,2021-07-06 00:25:01,2021-07-06 00:31:57,N,1.0,41,42,1.0,7.0,0.5,0.5,0.0,0.0,,0.3,8.3,1.0,0.0,1.0
T08930,2.0,2021-07-06 16:52:15,2021-07-06 16:57:51,N,1.0,41,74,1.0,5.5,1.0,0.5,0.0,0.0,,0.3,7.3,1.0,0.0,2.0
T02344,2.0,2021-07-02 10:09:22,2021-07-02 10:12:42,N,1.0,74,74,1.0,4.0,0.0,0.5,0.0,0.0,,0.3,4.8,1.0,0.0,2.0
T06808,2.0,2021-07-05 12:02:26,2021-07-05 12:24:41,N,1.0,179,179,1.0,24.0,0.0,0.5,0.0,0.0,,0.3,24.8,1.0,0.0,2.0
T08716,1.0,2021-07-06 14:02:38,2021-07-06 14:28:47,Y,1.0,97,195,1.0,18.0,0.5,0.5,5.75,0.0,,0.3,25.05,1.0,0.0,1.0
T04558,2.0,2021-07-03 14:47:59,2021-07-03 14:50:45,N,1.0,75,74,6.0,5.0,0.0,0.5,1.74,0.0,,0.3,7.54,1.0,0.0,1.0
T08033,2.0,2021-07-06 08:06:27,2021-07-06 08:23:57,N,1.0,74,75,1.0,11.5,0.0,0.5,3.69,0.0,,0.3,15.99,1.0,0.0,1.0
T09576,2.0,2021-07-06 23:58:14,2021-07-07 00:05:30,N,1.0,116,166,1.0,7.5,0.5,0.5,1.76,0.0,,0.3,10.56,1.0,0.0,1.0
T01181,2.0,2021-07-01 16:10:59,2021-07-01 16:44:37,N,1.0,66,229,1.0,26.0,1.0,0.5,0.0,0.0,,0.3,30.55,1.0,2.75,2.0
T05045,2.0,2021-07-03 19:34:01,2021-07-03 19:37:01,N,1.0,75,74,1.0,4.5,0.0,0.5,1.32,0.0,,0.3,6.62,1.0,0.0,1.0
T03658,2.0,2021-07-02 20:23:34,2021-07-02 20:37:42,N,1.0,61,72,1.0,10.0,0.5,0.5,0.0,0.0,,0.3,11.3,1.0,0.0,2.0
T05003,2.0,2021-07-03 18:07:45,2021-07-03 18:13:29,N,1.0,247,159,1.0,5.5,0.0,0.5,1.26,0.0,,0.3,7.56,1.0,0.0,1.0
T03772,2.0,2021-07-02 22:22:08,2021-07-02 22:41:09,N,1.0,75,47,1.0,16.0,0.5,0.5,0.0,0.0,,0.3,17.3,1.0,0.0,2.0
T08355,2.0,2021-07-06 11:57:38,2021-07-06 12:10:48,N,1.0,33,49,1.0,10.0,0.0,0.5,0.0,0.0,,0.3,10.8,1.0,0.0,2.0
T03710,2.0,2021-07-02 21:03:01,2021-07-02 21:04:32,N,1.0,119,247,1.0,3.0,0.5,0.5,0.0,0.0,,0.3,4.3,1.0,0.0,2.0
T00790,2.0,2021-07-01 12:58:27,2021-07-01 13:27:24,N,1.0,18,243,1.0,19.0,0.0,0.5,0.0,0.0,,0.3,19.8,1.0,0.0,1.0
T08231,2.0,2021-07-06 10:30:19,2021-07-06 10:39:48,N,1.0,7,260,1.0,8.0,0.0,0.5,0.0,0.0,,0.3,8.8,1.0,0.0,2.0
T01785,2.0,2021-07-01 21:33:04,2021-07-01 21:42:15,N,1.0,75,263,1.0,7.0,0.5,0.5,2.21,0.0,,0.3,13.26,1.0,2.75,1.0
T02412,2.0,2021-07-02 10:08:57,2021-07-02 10:18:14,N,1.0,75,42,1.0,8.5,0.0,0.5,0.0,0.0,,0.3,9.3,1.0,0.0,2.0
T07481,2.0,2021-07-05 19:49:36,2021-07-05 19:55:56,N,1.0,75,74,1.0,6.5,1.0,0.5,0.0,0.0,,0.3,8.3,1.0,0.0,2.0
T03630,2.0,2021-07-02 20:54:24,2021-07-02 21:07:32,N,1.0,41,42,1.0,10.0,0.5,0.5,2.26,0.0,,0.3,13.56,1.0,0.0,1.0
T00601,2.0,2021-07-01 11:30:57,2021-07-01 11:37:07,N,1.0,42,247,1.0,6.5,0.0,0.5,0.0,0.0,,0.3,7.3,1.0,0.0,2.0
T06612,2.0,2021-07-05 09:18:05,2021-07-05 09:25:27,N,1.0,130,10,1.0,7.5,0.0,0.5,1.66,0.0,,0.3,9.96,1.0,0.0,1.0
T07438,2.0,2021-07-05 18:50:49,2021-07-05 18:59:18,N,1.0,75,168,1.0,9.0,0.0,0.5,0.0,0.0,,0.3,9.8,1.0,0.0,2.0
T02994,2.0,2021-07-02 15:20:51,2021-07-02 15:31:20,N,1.0,75,141,1.0,9.0,0.0,0.5,0.0,0.0,,0.3,12.55,1.0,2.75,2.0
T03125,2.0,2021-07-02 16:23:27,2021-07-02 16:40:50,N,1.0,153,116,1.0,16.5,1.0,0.5,0.0,0.0,,0.3,18.3,1.0,0.0,2.0
T03589,1.0,2021-07-02 19:41:40,2021-07-02 19:47:20,N,1.0,76,76,1.0,5.5,1.0,0.5,2.15,0.0,,0.3,9.45,1.0,0.0,1.0
T03550,2.0,2021-07-02 19:24:38,2021-07-02 19:25:25,N,1.0,166,166,1.0,2.5,1.0,0.5,0.0,0.0,,0.3,4.3,1.0,0.0,2.0
T02361,2.0,2021-07-02 10:22:01,2021-07-02 10:23:50,N,1.0,74,263,1.0,4.0,0.0,0.5,0.96,0.0,,0.3,5.76,1.0,0.0,1.0
T03568,2.0,2021-07-02 19:59:25,2021-07-02 20:04:19,N,1.0,17,17,1.0,5.5,1.0,0.5,1.46,0.0,,0.3,8.76,1.0,0.0,1.0
T01128,1.0,2021-07-01 15:36:13,2021-07-01 15:58:00,N,1.0,181,181,1.0,13.5,0.0,0.5,0.0,0.0,,0.3,14.3,1.0,0.0,2.0
T02748,2.0,2021-07-02 13:38:24,2021-07-02 14:02:33,N,1.0,166,244,1.0,15.5,0.0,0.5,0.0,0.0,,0.3,16.3,1.0,0.0,2.0
T04093,2.0,2021-07-03 09:41:19,2021-07-03 09:48:53,N,1.0,41,151,1.0,8.0,0.0,0.5,1.0,0.0,,0.3,9.8,1.0,0.0,1.0
T00900,2.0,2021-07-01 13:49:31,2021-07-01 13:53:21,N,1.0,74,74,1.0,5.0,0.0,0.5,1.74,0.0,,0.3,7.54,1.0,0.0,1.0
T06105,2.0,2021-07-04 17:17:38,2021-07-04 17:22:27,N,1.0,42,42,6.0,6.0,0.0,0.5,0.0,0.0,,0.3,6.8,1.0,0.0,2.0
T06820,2.0,2021-07-05 10:06:26,2021-07-05 10:08:41,N,1.0,75,74,1.0,4.5,0.0,0.5,1.06,0.0,,0.3,6.36,1.0,0.0,1.0
T02934,2.0,2021-07-02 14:43:14,2021-07-02 14:59:42,N,1.0,42,119,1.0,12.5,0.0,0.5,0.0,0.0,,0.3,13.3,1.0,0.0,2.0
T02330,1.0,2021-07-02 09:47:17,2021-07-02 10:06:37,Y,1.0,82,193,1.0,15.5,0.0,0.5,1.96,0.0,,0.3,18.26,1.0,0.0,1.0
T01529,2.0,2021-07-01 18:49:11,2021-07-01 18:59:35,N,1.0,95,95,1.0,8.5,1.0,0.5,2.06,0.0,,0.3,12.36,1.0,0.0,1.0
T02335,2.0,2021-07-02 09:12:02,2021-07-02 09:26:32,N,1.0,75,48,1.0,14.0,0.0,0.5,0.0,0.0,,0.3,17.55,1.0,2.75,2.0
T00979,1.0,2021-07-01 14:57:46,2021-07-01 15:03:44,N,1.0,41,42,1.0,6.0,0.0,0.5,0.0,0.0,,0.3,6.8,1.0,0.0,2.0
T07639,1.0,2021-07-05 21:25:40,2021-07-05 21:31:16,N,1.0,264,264,1.0,6.0,0.5,0.5,0.0,0.0,,0.3,7.3,1.0,0.0,2.0
T00474,2.0,2021-07-01 10:16:39,2021-07-01 11:43:47,N,1.0,173,14,1.0,76.0,0.0,0.5,0.0,6.55,,0.3,83.35,1.0,0.0,1.0
T02960,1.0,2021-07-02 15:00:00,2021-07-02 15:07:39,N,1.0,75,236,1.0,7.0,2.75,0.5,2.1,0.0,,0.3,12.65,1.0,2.75,1.0
T03684,2.0,2021-07-02 20:28:51,2021-07-02 20:53:39,N,1.0,244,68,1.0,27.5,0.5,0.5,6.31,0.0,,0.3,37.86,1.0,2.75,1.0
T00520,2.0,2021-07-01 10:06:28,2021-07-01 10:07:24,N,1.0,74,74,1.0,2.5,0.0,0.5,0.0,0.0,,0.3,3.3,1.0,0.0,2.0
T02437,2.0,2021-07-02 10:04:15,2021-07-02 10:19:32,N,1.0,33,170,1.0,19.0,0.0,0.5,3.0,0.0,,0.3,25.55,1.0,2.75,1.0
T09255,2.0,2021-07-06 18:13:37,2021-07-06 18:19:49,N,1.0,41,74,1.0,6.5,1.0,0.5,0.0,0.0,,0.3,8.3,1.0,0.0,2.0
T02683,2.0,2021-07-02 12:25:19,2021-07-02 12:30:55,N,1.0,95,95,1.0,6.0,0.0,0.5,0.0,0.0,,0.3,6.8,1.0,0.0,2.0
T00477,2.0,2021-07-01 10:21:42,2021-07-01 11:52:03,N,1.0,40,76,1.0,75.0,0.0,0.5,0.0,0.0,,0.3,75.8,1.0,0.0,1.0
T09619,2.0,2021-07-07 00:18:37,2021-07-07 00:32:44,N,1.0,41,243,1.0,15.0,0.5,0.5,0.0,0.0,,0.3,16.3,1.0,0.0,2.0
T05949,1.0,2021-07-04 15:13:17,2021-07-04 15:19:05,N,1.0,166,116,2.0,7.0,0.0,0.5,0.0,0.0,,0.3,7.8,1.0,0.0,2.0
T07210,2.0,2021-07-05 16:47:51,2021-07-05 17:55:36,N,1.0,19,82,1.0,61.5,0.0,0.5,0.0,0.0,,0.3,62.3,1.0,0.0,1.0
T03956,2.0,2021-07-03 04:33:19,2021-07-03 04:33:25,N,1.0,150,150,1.0,2.5,0.5,0.5,0.0,0.0,,0.3,3.8,1.0,0.0,2.0
T04308,2.0,2021-07-03 11:22:40,2021-07-03 11:29:12,N,1.0,74,74,1.0,6.5,0.0,0.5,1.0,0.0,,0.3,8.3,1.0,0.0,1.0
T00349,2.0,2021-07-01 09:28:08,2021-07-01 09:32:46,N,1.0,7,7,1.0,5.0,0.0,0.5,0.0,0.0,,0.3,5.8,1.0,0.0,2.0
T08768,2.0,2021-07-06 14:21:38,2021-07-06 14:27:57,N,1.0,74,41,1.0,6.5,0.0,0.5,0.0,0.0,,0.3,7.3,1.0,0.0,1.0
T04608,2.0,2021-07-03 15:12:00,2021-07-03 15:16:35,N,1.0,7,7,1.0,5.0,0.0,0.5,0.0,0.0,,0.3,5.8,1.0,0.0,2.0
T04168,1.0,2021-07-03 10:58:35,2021-07-03 11:14:37,N,1.0,220,235,1.0,10.2,0.0,0.5,0.0,0.0,,0.3,11.0,1.0,0.0,1.0
T06931,2.0,2021-07-05 14:46:00,2021-07-05 14:53:27,N,1.0,247,247,1.0,7.0,0.0,0.5,0.0,0.0,,0.3,7.8,1.0,0.0,1.0
T09701,2.0,2021-07-07 06:53:19,2021-07-07 08:14:34,N,1.0,19,197,1.0,60.0,0.0,0.5,0.0,0.0,,0.3,60.8,1.0,0.0,1.0
T08506,2.0,2021-07-06 13:02:09,2021-07-06 13:11:48,N,1.0,95,95,3.0,8.0,0.0,0.5,1.76,0.0,,0.3,10.56,1.0,0.0,1.0
T08734,2.0,2021-07-06 14:59:10,2021-07-06 15:07:49,N,1.0,41,151,1.0,7.5,0.0,0.5,2.08,0.0,,0.3,10.38,1.0,0.0,1.0
T03714,2.0,2021-07-02 21:52:17,2021-07-02 21:56:16,N,1.0,75,75,1.0,5.0,0.5,0.5,1.26,0.0,,0.3,7.56,1.0,0.0,1.0
T04762,2.0,2021-07-03 16:52:28,2021-07-03 16:59:32,N,1.0,52,25,1.0,6.0,0.0,0.5,1.36,0.0,,0.3,8.16,1.0,0.0,1.0
T00060,2.0,2021-07-01 05:51:25,2021-07-01 06:17:01,N,1.0,116,107,1.0,28.0,0.5,0.5,6.41,0.0,,0.3,38.46,1.0,2.75,1.0
T09592,2.0,2021-07-06 23:04:48,2021-07-06 23:23:48,N,1.0,75,87,1.0,25.0,0.5,0.5,4.36,0.0,,0.3,33.41,1.0,2.75,1.0
T04978,2.0,2021-07-03 18:10:10,2021-07-03 18:23:08,N,1.0,95,121,1.0,11.0,0.0,0.5,2.36,0.0,,0.3,14.16,1.0,0.0,1.0
T00396,1.0,2021-07-01 09:18:19,2021-07-01 09:37:08,N,1.0,242,168,1.0,16.2,0.0,0.5,0.0,0.0,,0.3,17.0,1.0,0.0,1.0
T00074,2.0,2021-07-01 06:48:04,2021-07-01 07:01:48,N,1.0,127,119,1.0,15.0,0.0,0.5,0.0,0.0,,0.3,15.8,1.0,0.0,2.0
T00107,1.0,2021-07-01 06:00:29,2021-07-01 06:47:14,N,1.0,210,137,1.0,45.2,0.0,0.5,0.0,6.55,,0.3,52.55,1.0,0.0,1.0
T03481,2.0,2021-07-02 18:44:02,2021-07-02 18:49:47,N,1.0,41,116,1.0,6.0,1.0,0.5,1.56,0.0,,0.3,9.36,1.0,0.0,1.0
T06546,2.0,2021-07-05 06:29:18,2021-07-05 07:19:25,N,1.0,152,194,1.0,33.0,0.0,0.5,0.0,6.55,,0.3,40.35,1.0,0.0,1.0
T06236,2.0,2021-07-04 19:33:49,2021-07-04 19:56:54,N,1.0,33,256,1.0,17.0,0.0,0.5,1.0,0.0,,0.3,18.8,1.0,0.0,1.0
T00635,2.0,2021-07-01 11:25:10,2021-07-01 11:28:48,N,1.0,153,127,1.0,5.0,0.0,0.5,0.0,0.0,,0.3,5.8,1.0,0.0,2.0
T09444,1.0,2021-07-06 20:10:47,2021-07-06 20:47:36,N,1.0,66,72,1.0,30.0,0.5,0.5,6.25,0.0,,0.3,37.55,1.0,0.0,1.0
T06390,2.0,2021-07-04 21:28:56,2021-07-04 21:50:59,N,1.0,74,50,1.0,20.5,0.5,0.5,7.36,0.0,,0.3,31.91,1.0,2.75,1.0
T01145,2.0,2021-07-01 15:33:30,2021-07-01 16:14:14,N,1.0,95,68,1.0,37.0,0.0,0.5,3.5,6.55,,0.3,50.6,1.0,2.75,1.0
T01410,2.0,2021-07-01 17:37:32,2021-07-01 18:00:45,N,1.0,74,168,1.0,14.0,1.0,0.5,1.0,0.0,,0.3,16.8,1.0,0.0,1.0
T00332,2.0,2021-07-01 09:03:07,2021-07-01 09:14:20,N,1.0,263,194,1.0,13.0,0.0,0.5,0.0,6.55,,0.3,20.35,1.0,0.0,2.0
T01059,2.0,2021-07-01 15:14:09,2021-07-01 15:17:31,N,1.0,41,41,1.0,4.5,0.0,0.5,0.0,0.0,,0.3,5.3,1.0,0.0,2.0
T05637,2.0,2021-07-04 11:24:05,2021-07-04 11:49:55,N,1.0,65,237,1.0,28.0,0.0,0.5,3.0,0.0,,0.3,34.55,1.0,2.75,1.0
T08440,2.0,2021-07-06 12:10:31,2021-07-06 12:27:11,N,1.0,97,225,1.0,12.5,0.0,0.5,0.0,0.0,,0.3,13.3,1.0,0.0,2.0
T06824,2.0,2021-07-05 12:22:21,2021-07-05 12:34:16,N,1.0,74,262,1.0,10.5,0.0,0.5,2.81,0.0,,0.3,16.86,1.0,2.75,1.0
T00806,2.0,2021-07-01 13:40:18,2021-07-01 14:26:35,N,1.0,41,42,1.0,34.5,0.0,0.5,0.0,0.0,,0.3,35.3,1.0,0.0,2.0
T00787,2.0,2021-07-01 12:53:25,2021-07-01 13:01:28,N,1.0,41,238,1.0,7.5,0.0,0.5,0.0,0.0,,0.3,11.05,1.0,2.75,1.0
T00044,2.0,2021-07-01 03:06:14,2021-07-01 03:24:01,N,1.0,95,19,1.0,25.0,0.5,0.5,0.0,0.0,,0.3,26.3,1.0,0.0,2.0
T07288,2.0,2021-07-05 17:47:00,2021-07-05 18:06:53,N,1.0,189,249,1.0,17.0,1.0,0.5,4.31,0.0,,0.3,25.86,1.0,2.75,1.0
T03402,2.0,2021-07-02 18:13:25,2021-07-02 18:29:59,N,1.0,97,61,1.0,13.0,1.0,0.5,0.0,0.0,,0.3,14.8,1.0,0.0,2.0
T01880,2.0,2021-07-01 23:59:55,2021-07-02 00:19:59,N,1.0,255,261,1.0,20.0,0.5,0.5,4.81,0.0,,0.3,28.86,1.0,2.75,1.0
T03162,2.0,2021-07-02 16:44:42,2021-07-02 17:21:33,N,1.0,97,14,1.0,25.0,1.0,0.5,2.0,0.0,,0.3,28.8,1.0,0.0,1.0
T06067,2.0,2021-07-04 17:21:26,2021-07-04 17:31:29,N,1.0,75,239,1.0,9.5,0.0,0.5,0.0,0.0,,0.3,13.05,1.0,2.75,2.0
T09716,2.0,2021-07-07 07:43:09,2021-07-07 07:47:29,N,1.0,255,112,1.0,5.0,0.0,0.5,0.0,0.0,,0.3,5.8,1.0,0.0,2.0
T07277,1.0,2021-07-05 17:11:16,2021-07-05 17:54:13,N,1.0,264,264,1.0,34.2,0.0,0.5,0.0,0.0,,0.3,35.0,1.0,0.0,1.0
T06700,1.0,2021-07-05 10:59:18,2021-07-05 11:16:29,N,1.0,17,181,1.0,14.0,0.0,0.5,0.0,0.0,,0.3,14.8,1.0,0.0,2.0
T03471,1.0,2021-07-02 18:36:52,2021-07-02 18:46:49,N,1.0,66,25,1.0,8.5,1.0,0.5,0.0,0.0,,0.3,10.3,1.0,0.0,2.0
T04106,2.0,2021-07-03 10:05:57,2021-07-03 10:34:34,N,1.0,226,41,1.0,31.5,0.0,0.5,0.0,6.55,,0.3,38.85,1.0,0.0,1.0
T08729,2.0,2021-07-06 14:23:13,2021-07-06 14:33:21,N,1.0,168,74,1.0,8.5,0.0,0.5,0.0,0.0,,0.3,9.3,1.0,0.0,2.0
T08963,2.0,2021-07-06 16:32:58,2021-07-06 17:15:25,N,1.0,97,229,1.0,36.0,1.0,0.5,12.16,0.0,,0.3,52.71,1.0,2.75,1.0
T01468,2.0,2021-07-01 18:04:48,2021-07-01 18:25:13,N,1.0,236,164,1.0,15.0,1.0,0.5,2.93,0.0,,0.3,22.48,1.0,2.75,1.0
T00106,2.0,2021-07-01 06:17:41,2021-07-01 06:29:17,N,1.0,74,116,1.0,10.5,0.0,0.5,0.0,0.0,,0.3,11.3,1.0,0.0,2.0
T04343,2.0,2021-07-03 12:44:55,2021-07-03 12:59:57,N,1.0,74,116,5.0,11.0,0.0,0.5,1.88,0.0,,0.3,13.68,1.0,0.0,1.0
T07031,2.0,2021-07-05 15:59:33,2021-07-05 16:09:46,N,1.0,74,75,1.0,8.5,0.0,0.5,1.7,0.0,,0.3,11.0,1.0,0.0,1.0
T05098,2.0,2021-07-03 19:30:37,2021-07-03 19:41:02,N,1.0,74,116,1.0,10.0,0.0,0.5,0.0,0.0,,0.3,10.8,1.0,0.0,2.0
T04271,2.0,2021-07-03 11:24:17,2021-07-03 11:33:03,N,1.0,97,231,1.0,10.5,0.0,0.5,0.0,0.0,,0.3,14.05,1.0,2.75,1.0
T08497,2.0,2021-07-06 12:17:27,2021-07-06 12:23:01,N,1.0,43,236,1.0,5.5,0.0,0.5,1.81,0.0,,0.3,10.86,1.0,2.75,1.0
T06662,2.0,2021-07-05 10:28:33,2021-07-05 10:32:07,N,1.0,42,247,1.0,4.5,0.0,0.5,1.06,0.0,,0.3,6.36,1.0,0.0,1.0
T03663,2.0,2021-07-02 20:35:06,2021-07-02 20:43:01,N,1.0,97,49,1.0,7.0,0.5,0.5,1.0,0.0,,0.3,9.3,1.0,0.0,1.0
T08580,2.0,2021-07-06 13:32:09,2021-07-06 13:55:13,N,1.0,33,61,1.0,15.5,0.0,0.5,0.0,0.0,,0.3,16.3,1.0,0.0,2.0
T01053,2.0,2021-07-01 15:39:38,2021-07-01 16:03:08,N,1.0,74,42,1.0,15.5,0.0,0.5,0.0,0.0,,0.3,16.3,1.0,0.0,2.0
T07709,2.0,2021-07-05 22:33:36,2021-07-05 22:54:48,N,1.0,93,107,1.0,31.0,0.5,0.5,5.0,6.55,,0.3,46.6,1.0,2.75,1.0
T08161,2.0,2021-07-06 09:54:00,2021-07-06 10:06:11,N,1.0,41,119,1.0,12.0,0.0,0.5,0.0,0.0,,0.3,12.8,1.0,0.0,2.0
T05852,1.0,2021-07-04 14:12:59,2021-07-04 15:57:48,N,5.0,95,57,1.0,0.0,0.0,0.0,0.0,0.0,,0.0,0.0,2.0,0.0,2.0
T01174,2.0,2021-07-01 16:50:15,2021-07-01 17:09:58,N,1.0,75,162,1.0,15.0,1.0,0.5,3.91,0.0,,0.3,23.46,1.0,2.75,1.0
T05823,2.0,2021-07-04 14:57:10,2021-07-04 15:20:57,N,1.0,65,246,1.0,20.0,0.0,0.5,0.0,0.0,,0.3,23.55,1.0,2.75,2.0
T08111,2.0,2021-07-06 08:00:03,2021-07-07 07:09:09,N,1.0,74,152,1.0,8.0,0.0,0.5,1.76,0.0,,0.3,10.56,1.0,0.0,1.0
T01371,2.0,2021-07-01 17:31:04,2021-07-01 17:54:26,N,1.0,74,143,2.0,18.0,1.0,0.5,5.64,0.0,,0.3,28.19,1.0,2.75,1.0
T06396,2.0,2021-07-04 22:37:13,2021-07-04 22:49:59,N,1.0,83,173,1.0,10.0,0.5,0.5,0.0,0.0,,0.3,11.3,1.0,0.0,2.0
T07780,2.0,2021-07-06 00:15:30,2021-07-06 00:22:18,N,1.0,74,42,1.0,7.5,0.5,0.5,2.2,0.0,,0.3,11.0,1.0,0.0,1.0
T09001,2.0,2021-07-06 16:29:13,2021-07-06 16:42:10,N,1.0,75,152,6.0,11.5,1.0,0.5,0.0,0.0,,0.3,13.3,1.0,0.0,2.0
T06258,2.0,2021-07-04 19:08:23,2021-07-04 19:12:31,N,1.0,75,74,1.0,5.5,0.0,0.5,3.0,0.0,,0.3,9.3,1.0,0.0,1.0
T05760,2.0,2021-07-04 13:02:46,2021-07-04 13:12:22,N,1.0,43,239,5.0,9.0,0.0,0.5,2.51,0.0,,0.3,15.06,1.0,2.75,1.0
T03755,2.0,2021-07-02 21:34:17,2021-07-02 21:40:35,N,1.0,41,41,1.0,6.0,0.5,0.5,1.82,0.0,,0.3,9.12,1.0,0.0,1.0
T01639,1.0,2021-07-01 19:42:25,2021-07-01 20:17:45,N,5.0,196,263,3.0,40.0,0.0,0.0,0.0,0.0,,0.0,40.0,2.0,0.0,2.0
T09994,2.0,2021-07-07 09:52:33,2021-07-07 10:27:03,N,1.0,82,82,1.0,25.5,0.0,0.5,0.0,0.0,,0.3,26.3,1.0,0.0,2.0
T00662,2.0,2021-07-01 11:38:09,2021-07-01 11:59:51,N,1.0,24,168,1.0,16.0,0.0,0.5,0.0,0.0,,0.3,16.8,1.0,0.0,2.0
T04468,2.0,2021-07-03 13:36:43,2021-07-03 13:50:34,N,1.0,74,116,1.0,12.0,0.0,0.5,2.56,0.0,,0.3,15.36,1.0,0.0,1.0
T08261,1.0,2021-07-06 10:39:59,2021-07-06 11:37:57,N,1.0,188,159,1.0,36.2,0.0,0.5,0.0,6.55,,0.3,43.55,1.0,0.0,1.0
T07417,2.0,2021-07-05 18:29:22,2021-07-05 18:38:43,N,1.0,42,42,1.0,8.0,0.0,0.5,1.76,0.0,,0.3,10.56,1.0,0.0,1.0
T02454,1.0,2021-07-02 10:34:51,2021-07-02 10:53:32,N,1.0,196,63,1.0,16.2,0.0,0.5,0.0,0.0,,0.3,17.0,1.0,0.0,1.0
T02053,1.0,2021-07-02 07:59:36,2021-07-02 08:19:01,N,1.0,119,143,1.0,22.2,0.0,0.5,0.0,0.0,,0.3,23.0,1.0,0.0,1.0
T06881,2.0,2021-07-05 13:43:08,2021-07-05 13:50:22,N,1.0,65,66,1.0,7.5,0.0,0.5,1.66,0.0,,0.3,9.96,1.0,0.0,1.0
T09628,2.0,2021-07-07 01:51:13,2021-07-07 02:05:03,N,1.0,127,126,1.0,20.0,0.5,0.5,0.0,0.0,,0.3,21.3,1.0,0.0,2.0
T04519,1.0,2021-07-03 14:39:16,2021-07-03 14:49:51,N,1.0,65,181,1.0,8.5,0.0,0.5,0.0,0.0,,0.3,9.3,1.0,0.0,2.0
T02782,2.0,2021-07-02 13:29:12,2021-07-02 14:29:58,N,1.0,181,100,1.0,40.5,0.0,0.5,10.0,0.0,,0.3,54.05,1.0,2.75,1.0
T02051,2.0,2021-07-02 07:17:08,2021-07-02 07:49:45,N,1.0,215,86,1.0,32.5,0.0,0.5,0.0,0.0,,0.3,33.3,1.0,0.0,2.0
T06010,2.0,2021-07-04 16:44:06,2021-07-04 16:49:21,N,1.0,82,83,1.0,5.5,0.0,0.5,0.0,0.0,,0.3,6.3,1.0,0.0,2.0
T09686,2.0,2021-07-07 06:23:40,2021-07-07 07:12:17,N,1.0,191,197,1.0,34.5,0.0,0.5,0.0,0.0,,0.3,35.3,1.0,0.0,1.0
T03826,2.0,2021-07-02 23:21:01,2021-07-02 23:33:56,N,1.0,82,134,1.0,12.5,0.5,0.5,2.76,0.0,,0.3,16.56,1.0,0.0,1.0
T00866,2.0,2021-07-01 13:31:05,2021-07-01 13:37:14,N,1.0,74,74,1.0,6.0,0.0,0.5,2.0,0.0,,0.3,8.8,1.0,0.0,1.0
T07698,2.0,2021-07-05 21:10:59,2021-07-05 21:27:17,N,1.0,74,230,1.0,15.0,0.5,0.5,0.0,0.0,,0.3,19.05,1.0,2.75,2.0
T01122,1.0,2021-07-01 15:31:35,2021-07-01 15:40:36,N,1.0,42,166,1.0,8.0,0.0,0.5,0.0,0.0,,0.3,8.8,1.0,0.0,2.0
T06407,2.0,2021-07-04 22:21:39,2021-07-04 22:29:02,N,1.0,75,236,5.0,7.0,0.5,0.5,3.32,0.0,,0.3,14.37,1.0,2.75,1.0
T07741,2.0,2021-07-05 22:52:16,2021-07-05 23:07:28,N,1.0,127,127,1.0,10.0,0.5,0.5,0.0,0.0,,0.3,11.3,1.0,0.0,2.0
T08449,2.0,2021-07-06 12:55:29,2021-07-06 13:00:17,N,1.0,75,74,1.0,5.5,0.0,0.5,0.0,0.0,,0.3,6.3,1.0,0.0,2.0
T00443,2.0,2021-07-01 10:29:12,2021-07-01 10:34:12,N,1.0,41,42,1.0,5.5,0.0,0.5,0.0,0.0,,0.3,6.3,1.0,0.0,1.0
T09098,2.0,2021-07-06 17:43:29,2021-07-06 17:51:51,N,1.0,75,239,1.0,9.0,1.0,0.5,2.71,0.0,,0.3,16.26,1.0,2.75,1.0
T00577,2.0,2021-07-01 11:20:51,2021-07-01 11:55:39,N,1.0,74,262,1.0,2.5,0.0,0.5,0.0,0.0,,0.3,6.05,1.0,2.75,2.0
T04129,2.0,2021-07-03 10:46:35,2021-07-03 10:46:56,N,1.0,193,193,3.0,2.5,0.0,0.5,0.01,0.0,,0.3,3.31,1.0,0.0,1.0
T05840,2.0,2021-07-04 14:21:30,2021-07-04 14:32:15,N,1.0,20,136,1.0,8.5,0.0,0.5,1.86,0.0,,0.3,11.16,1.0,0.0,1.0
T00342,2.0,2021-07-01 09:37:10,2021-07-01 09:55:04,N,1.0,74,119,1.0,14.0,0.0,0.5,0.0,0.0,,0.3,14.8,1.0,0.0,2.0
T09503,2.0,2021-07-06 21:15:50,2021-07-06 21:19:40,N,1.0,75,74,1.0,6.0,0.5,0.5,0.0,0.0,,0.3,7.3,1.0,0.0,2.0
T02775,1.0,2021-07-02 13:29:58,2021-07-02 14:15:47,N,1.0,210,170,1.0,42.2,0.0,0.5,0.0,0.0,,0.3,43.0,1.0,0.0,1.0
T03816,2.0,2021-07-02 22:24:07,2021-07-02 22:24:34,N,5.0,157,157,2.0,18.0,0.0,0.0,0.0,0.0,,0.3,18.3,2.0,0.0,2.0
T05661,1.0,2021-07-04 11:26:43,2021-07-04 11:38:21,N,1.0,42,169,1.0,10.2,0.0,0.5,0.0,0.0,,0.3,11.0,1.0,0.0,1.0
T08630,2.0,2021-07-06 13:35:09,2021-07-06 13:36:03,N,1.0,193,193,1.0,2.5,0.0,0.5,0.0,0.0,,0.3,3.3,1.0,0.0,1.0
T06644,2.0,2021-07-05 09:34:39,2021-07-05 10:04:01,N,1.0,7,238,1.0,23.5,0.0,0.5,0.0,0.0,,0.3,27.05,1.0,2.75,2.0
T02950,2.0,2021-07-02 15:46:47,2021-07-02 16:01:38,N,1.0,127,42,1.0,15.5,0.0,0.5,4.08,0.0,,0.3,20.38,1.0,0.0,1.0
T08128,2.0,2021-07-06 09:02:26,2021-07-06 09:18:29,N,1.0,130,121,1.0,13.0,0.0,0.5,3.45,0.0,,0.3,17.25,1.0,0.0,1.0
T01157,1.0,2021-07-01 15:32:29,2021-07-01 15:35:10,N,1.0,75,75,1.0,4.0,0.0,0.5,0.0,0.0,,0.3,4.8,1.0,0.0,2.0
T04388,2.0,2021-07-03 12:20:26,2021-07-03 12:25:32,N,1.0,42,42,1.0,5.5,0.0,0.5,1.7,0.0,,0.3,8.0,1.0,0.0,1.0
T07251,2.0,2021-07-05 17:10:52,2021-07-05 17:25:41,N,1.0,244,142,1.0,18.0,1.0,0.5,0.0,0.0,,0.3,22.55,1.0,2.75,2.0
T03923,2.0,2021-07-03 02:59:12,2021-07-03 03:03:47,N,1.0,75,74,1.0,6.0,0.5,0.5,0.0,0.0,,0.3,7.3,1.0,0.0,2.0
T04774,2.0,2021-07-03 16:09:19,2021-07-03 16:33:58,N,1.0,74,248,1.0,20.5,0.0,0.5,0.0,0.0,,0.3,21.3,1.0,0.0,2.0
T07506,2.0,2021-07-05 19:24:19,2021-07-05 19:40:15,N,1.0,147,42,1.0,13.0,1.0,0.5,0.0,0.0,,0.3,14.8,1.0,0.0,2.0
T05170,2.0,2021-07-03 20:07:27,2021-07-03 20:21:30,N,1.0,244,151,1.0,16.5,0.5,0.5,4.11,0.0,,0.3,24.66,1.0,2.75,1.0
T03228,1.0,2021-07-02 17:04:50,2021-07-02 17:36:54,N,1.0,65,257,1.0,22.0,1.0,0.5,4.5,0.0,,0.3,28.3,1.0,0.0,1.0
T09318,2.0,2021-07-06 18:12:44,2021-07-06 18:23:32,N,1.0,95,197,1.0,9.5,1.0,0.5,1.0,0.0,,0.3,12.3,1.0,0.0,1.0
T03598,2.0,2021-07-02 19:36:33,2021-07-02 20:08:00,N,5.0,250,247,2.0,18.0,0.0,0.0,0.0,0.0,,0.3,18.3,2.0,0.0,2.0
T02920,1.0,2021-07-02 14:56:15,2021-07-02 15:05:13,N,1.0,33,25,2.0,7.5,0.0,0.5,0.83,0.0,,0.3,9.13,1.0,0.0,1.0
T02754,1.0,2021-07-02 13:30:23,2021-07-02 13:30:28,N,1.0,95,95,1.0,2.5,0.0,0.5,5.0,0.0,,0.3,8.3,1.0,0.0,1.0
T02411,2.0,2021-07-02 10:36:57,2021-07-02 10:57:52,N,1.0,116,182,1.0,25.0,0.0,0.5,0.0,0.0,,0.3,25.8,1.0,0.0,2.0
T09772,2.0,2021-07-07 07:33:03,2021-07-07 07:42:15,N,1.0,43,162,1.0,9.5,0.0,0.5,0.0,0.0,,0.3,13.05,1.0,2.75,2.0
T04445,1.0,2021-07-03 13:01:34,2021-07-03 13:16:29,N,1.0,42,159,1.0,11.0,0.0,0.5,0.0,0.0,,0.3,11.8,1.0,0.0,2.0
T00610,1.0,2021-07-01 11:14:33,2021-07-01 11:25:40,N,1.0,188,61,1.0,11.73,0.0,0.5,0.0,0.0,,0.3,12.53,1.0,0.0,1.0
T00328,2.0,2021-07-01 09:26:42,2021-07-01 09:30:12,N,1.0,52,25,1.0,4.5,0.0,0.5,0.0,0.0,,0.3,5.3,1.0,0.0,2.0
T09630,2.0,2021-07-07 01:55:50,2021-07-07 01:57:35,N,1.0,41,42,1.0,3.5,0.5,0.5,0.0,0.0,,0.3,4.8,1.0,0.0,2.0
T05030,2.0,2021-07-03 19:34:15,2021-07-03 19:45:37,N,1.0,43,50,1.0,14.0,0.0,0.5,1.0,0.0,,0.3,18.55,1.0,2.75,1.0
T07894,2.0,2021-07-06 07:45:28,2021-07-06 07:58:49,N,1.0,244,41,1.0,13.5,0.0,0.5,2.0,0.0,,0.3,16.3,1.0,0.0,1.0
T07978,2.0,2021-07-06 08:58:05,2021-07-06 09:24:58,N,1.0,75,136,1.0,25.0,0.0,0.5,3.0,0.0,,0.3,28.8,1.0,0.0,1.0
T09337,2.0,2021-07-06 18:15:57,2021-07-06 18:16:50,N,1.0,193,193,1.0,0.0,0.0,0.0,0.0,0.0,,0.0,0.0,1.0,0.0,1.0
T03284,1.0,2021-07-02 17:52:27,2021-07-02 17:59:55,N,1.0,95,95,1.0,6.5,1.0,0.5,1.7,0.0,,0.3,10.0,1.0,0.0,1.0
T07319,2.0,2021-07-05 17:14:54,2021-07-05 17:25:24,N,1.0,95,95,1.0,9.5,0.0,0.5,0.0,0.0,,0.3,10.3,1.0,0.0,2.0
T05393,2.0,2021-07-04 02:00:11,2021-07-04 02:03:56,N,1.0,7,7,1.0,5.0,0.5,0.5,0.0,0.0,,0.3,6.3,1.0,0.0,2.0
